{
  "avg": {
    "min": 0.42132925510406494,
    "max": 0.42132925510406494,
    "avg": 0.42132925510406494,
    "median": 0.42132925510406494,
    "std": 0
  },
  "min": {
    "min": 0.4209458065032959,
    "max": 0.4209458065032959,
    "avg": 0.4209458065032959,
    "median": 0.4209458065032959,
    "std": 0
  },
  "max": {
    "min": 0.42159382820129393,
    "max": 0.42159382820129393,
    "avg": 0.42159382820129393,
    "median": 0.42159382820129393,
    "std": 0
  }
}