{
  "avg": {
    "min": 0.3611926746368408,
    "max": 0.3611926746368408,
    "avg": 0.3611926746368408,
    "median": 0.3611926746368408,
    "std": 0
  },
  "min": {
    "min": 0.3008830070495605,
    "max": 0.3008830070495605,
    "avg": 0.3008830070495605,
    "median": 0.3008830070495605,
    "std": 0
  },
  "max": {
    "min": 0.42148663520812985,
    "max": 0.42148663520812985,
    "avg": 0.42148663520812985,
    "median": 0.42148663520812985,
    "std": 0
  }
}