{
  "avg": {
    "min": 0.42130466461181637,
    "max": 0.42130466461181637,
    "avg": 0.42130466461181637,
    "median": 0.42130466461181637,
    "std": 0
  },
  "min": {
    "min": 0.42100269317626954,
    "max": 0.42100269317626954,
    "avg": 0.42100269317626954,
    "median": 0.42100269317626954,
    "std": 0
  },
  "max": {
    "min": 0.42159382820129393,
    "max": 0.42159382820129393,
    "avg": 0.42159382820129393,
    "median": 0.42159382820129393,
    "std": 0
  }
}