{
  "avg": {
    "min": 0.4214066767692566,
    "max": 0.4214066767692566,
    "avg": 0.4214066767692566,
    "median": 0.4214066767692566,
    "std": 0
  },
  "min": {
    "min": 0.42098524093627926,
    "max": 0.42098524093627926,
    "avg": 0.42098524093627926,
    "median": 0.42098524093627926,
    "std": 0
  },
  "max": {
    "min": 0.42160140991210937,
    "max": 0.42160140991210937,
    "avg": 0.42160140991210937,
    "median": 0.42160140991210937,
    "std": 0
  }
}