{
  "avg": {
    "min": 0.42151968002319334,
    "max": 0.42151968002319334,
    "avg": 0.42151968002319334,
    "median": 0.42151968002319334,
    "std": 0
  },
  "min": {
    "min": 0.4210426044464111,
    "max": 0.4210426044464111,
    "avg": 0.4210426044464111,
    "median": 0.4210426044464111,
    "std": 0
  },
  "max": {
    "min": 0.4218471240997314,
    "max": 0.4218471240997314,
    "avg": 0.4218471240997314,
    "median": 0.4218471240997314,
    "std": 0
  }
}