{
  "avg": {
    "min": 0.38277864837646486,
    "max": 0.38277864837646486,
    "avg": 0.38277864837646486,
    "median": 0.38277864837646486,
    "std": 0
  },
  "min": {
    "min": 0.21079889297485352,
    "max": 0.21079889297485352,
    "avg": 0.21079889297485352,
    "median": 0.21079889297485352,
    "std": 0
  },
  "max": {
    "min": 0.8,
    "max": 0.8,
    "avg": 0.8,
    "median": 0.8,
    "std": 0
  }
}