{
  "avg": {
    "min": 0.389560140132904,
    "max": 0.389560140132904,
    "avg": 0.389560140132904,
    "median": 0.389560140132904,
    "std": 0
  },
  "min": {
    "min": 0.21095539093017576,
    "max": 0.21095539093017576,
    "avg": 0.21095539093017576,
    "median": 0.21095539093017576,
    "std": 0
  },
  "max": {
    "min": 0.8,
    "max": 0.8,
    "avg": 0.8,
    "median": 0.8,
    "std": 0
  }
}