{
  "avg": {
    "min": 0.4256588292121887,
    "max": 0.4256588292121887,
    "avg": 0.4256588292121887,
    "median": 0.4256588292121887,
    "std": 0
  },
  "min": {
    "min": 0.2108235454559326,
    "max": 0.2108235454559326,
    "avg": 0.2108235454559326,
    "median": 0.2108235454559326,
    "std": 0
  },
  "max": {
    "min": 0.8,
    "max": 0.8,
    "avg": 0.8,
    "median": 0.8,
    "std": 0
  }
}