{
  "avg": {
    "min": 0.5649026675224305,
    "max": 0.5649026675224305,
    "avg": 0.5649026675224305,
    "median": 0.5649026675224305,
    "std": 0
  },
  "min": {
    "min": 0.21081462860107422,
    "max": 0.21081462860107422,
    "avg": 0.21081462860107422,
    "median": 0.21081462860107422,
    "std": 0
  },
  "max": {
    "min": 0.8,
    "max": 0.8,
    "avg": 0.8,
    "median": 0.8,
    "std": 0
  }
}