{
  "avg": {
    "min": 0.42070961236953736,
    "max": 0.42070961236953736,
    "avg": 0.42070961236953736,
    "median": 0.42070961236953736,
    "std": 0
  },
  "min": {
    "min": 0.300751256942749,
    "max": 0.300751256942749,
    "avg": 0.300751256942749,
    "median": 0.300751256942749,
    "std": 0
  },
  "max": {
    "min": 0.8,
    "max": 0.8,
    "avg": 0.8,
    "median": 0.8,
    "std": 0
  }
}