{
  "avg": {
    "min": 0.3821011346181234,
    "max": 0.3821011346181234,
    "avg": 0.3821011346181234,
    "median": 0.3821011346181234,
    "std": 0
  },
  "min": {
    "min": 0.3610834217071533,
    "max": 0.3610834217071533,
    "avg": 0.3610834217071533,
    "median": 0.3610834217071533,
    "std": 0
  },
  "max": {
    "min": 0.3911097431182861,
    "max": 0.3911097431182861,
    "avg": 0.3911097431182861,
    "median": 0.3911097431182861,
    "std": 0
  }
}