{
  "avg": {
    "min": 0.2769821796417236,
    "max": 0.2769821796417236,
    "avg": 0.2769821796417236,
    "median": 0.2769821796417236,
    "std": 0
  },
  "min": {
    "min": 0.2107716178894043,
    "max": 0.2107716178894043,
    "avg": 0.2107716178894043,
    "median": 0.2107716178894043,
    "std": 0
  },
  "max": {
    "min": 0.3910218143463135,
    "max": 0.3910218143463135,
    "avg": 0.3910218143463135,
    "median": 0.3910218143463135,
    "std": 0
  }
}