{
  "avg": {
    "min": 0.35432914543151856,
    "max": 0.35432914543151856,
    "avg": 0.35432914543151856,
    "median": 0.35432914543151856,
    "std": 0
  },
  "min": {
    "min": 0.21099825859069823,
    "max": 0.21099825859069823,
    "avg": 0.21099825859069823,
    "median": 0.21099825859069823,
    "std": 0
  },
  "max": {
    "min": 0.39080766677856443,
    "max": 0.39080766677856443,
    "avg": 0.39080766677856443,
    "median": 0.39080766677856443,
    "std": 0
  }
}