{
  "avg": {
    "min": 0.353462869644165,
    "max": 0.353462869644165,
    "avg": 0.353462869644165,
    "median": 0.353462869644165,
    "std": 0
  },
  "min": {
    "min": 0.2108641242980957,
    "max": 0.2108641242980957,
    "avg": 0.2108641242980957,
    "median": 0.2108641242980957,
    "std": 0
  },
  "max": {
    "min": 0.3910218143463135,
    "max": 0.3910218143463135,
    "avg": 0.3910218143463135,
    "median": 0.3910218143463135,
    "std": 0
  }
}