{
  "avg": {
    "min": 0.3763281345367432,
    "max": 0.3763281345367432,
    "avg": 0.3763281345367432,
    "median": 0.3763281345367432,
    "std": 0
  },
  "min": {
    "min": 0.36138211250305174,
    "max": 0.36138211250305174,
    "avg": 0.36138211250305174,
    "median": 0.36138211250305174,
    "std": 0
  },
  "max": {
    "min": 0.3910218143463135,
    "max": 0.3910218143463135,
    "avg": 0.3910218143463135,
    "median": 0.3910218143463135,
    "std": 0
  }
}