{
  "avg": {
    "min": 0.3322020190556844,
    "max": 0.3322020190556844,
    "avg": 0.3322020190556844,
    "median": 0.3322020190556844,
    "std": 0
  },
  "min": {
    "min": 0.2108390426635742,
    "max": 0.2108390426635742,
    "avg": 0.2108390426635742,
    "median": 0.2108390426635742,
    "std": 0
  },
  "max": {
    "min": 0.3910218143463135,
    "max": 0.3910218143463135,
    "avg": 0.3910218143463135,
    "median": 0.3910218143463135,
    "std": 0
  }
}