{
  "avg": {
    "min": 0.367339381535848,
    "max": 0.367339381535848,
    "avg": 0.367339381535848,
    "median": 0.367339381535848,
    "std": 0
  },
  "min": {
    "min": 0.36104928016662596,
    "max": 0.36104928016662596,
    "avg": 0.36104928016662596,
    "median": 0.36104928016662596,
    "std": 0
  },
  "max": {
    "min": 0.3910218143463135,
    "max": 0.3910218143463135,
    "avg": 0.3910218143463135,
    "median": 0.3910218143463135,
    "std": 0
  }
}