{
  "avg": {
    "min": 0.3049719196955363,
    "max": 0.3049719196955363,
    "avg": 0.3049719196955363,
    "median": 0.3049719196955363,
    "std": 0
  },
  "min": {
    "min": 0.2108075714111328,
    "max": 0.2108075714111328,
    "avg": 0.2108075714111328,
    "median": 0.2108075714111328,
    "std": 0
  },
  "max": {
    "min": 0.3910218143463135,
    "max": 0.3910218143463135,
    "avg": 0.3910218143463135,
    "median": 0.3910218143463135,
    "std": 0
  }
}