{
  "avg": {
    "min": 0.32301844787597656,
    "max": 0.32301844787597656,
    "avg": 0.32301844787597656,
    "median": 0.32301844787597656,
    "std": 0
  },
  "min": {
    "min": 0.21078310966491698,
    "max": 0.21078310966491698,
    "avg": 0.21078310966491698,
    "median": 0.21078310966491698,
    "std": 0
  },
  "max": {
    "min": 0.3910218143463135,
    "max": 0.3910218143463135,
    "avg": 0.3910218143463135,
    "median": 0.3910218143463135,
    "std": 0
  }
}