{
  "avg": {
    "min": 0.365347173055013,
    "max": 0.365347173055013,
    "avg": 0.365347173055013,
    "median": 0.365347173055013,
    "std": 0
  },
  "min": {
    "min": 0.3611301040649414,
    "max": 0.3611301040649414,
    "avg": 0.3611301040649414,
    "median": 0.3611301040649414,
    "std": 0
  },
  "max": {
    "min": 0.39078086853027344,
    "max": 0.39078086853027344,
    "avg": 0.39078086853027344,
    "median": 0.39078086853027344,
    "std": 0
  }
}